{"stats":{"minecraft:killed":{"minecraft:fox":33},"minecraft:crafted":{"minecraft:green_dye":653,"minecraft:air":0},"minecraft:custom":{"minecraft:time_since_rest":3713117,"minecraft:interact_with_furnace":201,"minecraft:sprint_one_cm":13309,"minecraft:inspect_dropper":281,"minecraft:walk_one_cm":25326,"minecraft:mob_kills":33,"minecraft:drop":5,"minecraft:inspect_hopper":198,"minecraft:damage_dealt":3300,"minecraft:fly_one_cm":1265771,"minecraft:open_barrel":56,"minecraft:open_chest":10,"minecraft:crouch_one_cm":13485,"minecraft:play_one_minute":3713117,"minecraft:sneak_time":190624,"minecraft:jump":327,"minecraft:leave_game":7,"minecraft:time_since_death":3713117,"minecraft:fall_one_cm":627},"minecraft:used":{"minecraft:redstone_torch":25,"minecraft:sticky_piston":195,"minecraft:piston":52,"minecraft:lever":12,"minecraft:lava_bucket":44,"minecraft:quartz_pillar":17,"minecraft:dropper":128,"minecraft:command_block":3,"minecraft:slime_block":3,"minecraft:powered_rail":23,"minecraft:oak_button":1,"minecraft:redstone":25,"minecraft:stone_button":4,"minecraft:cactus":5,"minecraft:chest":13,"minecraft:fox_spawn_egg":39,"minecraft:redstone_block":79,"minecraft:composter":9,"minecraft:cauldron":1,"minecraft:hopper_minecart":1,"minecraft:quartz_stairs":6,"minecraft:diamond_axe":11,"minecraft:barrel":6,"minecraft:dried_kelp_block":32,"minecraft:bamboo":13,"minecraft:white_wool":2,"minecraft:birch_button":1,"minecraft:rabbit_spawn_egg":1,"minecraft:repeater":58,"minecraft:dark_oak_trapdoor":4,"minecraft:redstone_lamp":12,"minecraft:dirt":32,"minecraft:sand":5,"minecraft:comparator":41,"minecraft:iron_trapdoor":1,"minecraft:hopper":90,"minecraft:furnace":8,"minecraft:white_stained_glass":211,"minecraft:orange_wool":2,"minecraft:smooth_stone_slab":3,"minecraft:chiseled_quartz_block":125,"minecraft:note_block":35,"minecraft:white_concrete":315,"minecraft:jungle_trapdoor":2,"minecraft:observer":208,"minecraft:bone_meal":5},"minecraft:picked_up":{"minecraft:wheat":2,"minecraft:chicken":1,"minecraft:repeater":3,"minecraft:leather":1,"minecraft:stone_button":2,"minecraft:redstone":2,"minecraft:dark_oak_trapdoor":1,"minecraft:sticky_piston":1,"minecraft:cactus":898,"minecraft:comparator":11,"minecraft:redstone_torch":5,"minecraft:bamboo":37,"minecraft:powered_rail":3,"minecraft:green_dye":1238,"minecraft:egg":3},"minecraft:dropped":{"minecraft:green_dye":60,"minecraft:dark_oak_trapdoor":1,"minecraft:sticky_piston":1,"minecraft:chicken":1}},"DataVersion":1968}