{"stats":{"minecraft:picked_up":{"minecraft:redstone_block":5770,"minecraft:repeater":73,"minecraft:moss_carpet":1003,"minecraft:sea_pickle":1,"minecraft:stone_bricks":645,"minecraft:activator_rail":2,"minecraft:wheat_seeds":308,"minecraft:comparator":29,"minecraft:bell":2,"minecraft:redstone_torch":51,"minecraft:azalea":275,"minecraft:bamboo":44,"minecraft:powered_rail":3,"minecraft:moss_block":6064,"minecraft:flowering_azalea":216,"minecraft:stone":1,"minecraft:big_dripleaf":26,"minecraft:dripstone_block":645,"minecraft:pointed_dripstone":44,"minecraft:redstone":186,"minecraft:lever":3,"minecraft:honey_block":1,"minecraft:bone_meal":6699,"minecraft:birch_sign":20,"minecraft:bricks":685,"minecraft:hopper":9,"minecraft:cobblestone":60},"minecraft:crafted":{"minecraft:stone":4},"minecraft:dropped":{"minecraft:water_bucket":1,"minecraft:moss_block":3,"minecraft:dripstone_block":38,"minecraft:stone":1,"minecraft:sea_pickle":1,"minecraft:repeater":1,"minecraft:stone_bricks":513,"minecraft:birch_sign":1,"minecraft:bone_meal":185,"minecraft:bell":1,"minecraft:redstone_block":1,"minecraft:redstone":1},"minecraft:used":{"minecraft:oak_trapdoor":4,"minecraft:moss_block":30,"minecraft:water_bucket":232,"minecraft:jack_o_lantern":3,"minecraft:iron_bars":34,"minecraft:cobblestone_stairs":7,"minecraft:dropper":114,"minecraft:redstone":1038,"minecraft:dispenser":30,"minecraft:powered_rail":18,"minecraft:chest":13,"minecraft:ender_chest":3,"minecraft:stone":996,"minecraft:composter":162,"minecraft:redstone_block":72,"minecraft:clay":1,"minecraft:bell":2,"minecraft:sculk_sensor":2,"minecraft:oak_leaves":11,"minecraft:white_wool":12,"minecraft:soul_sand":2,"minecraft:target":189,"minecraft:comparator":103,"minecraft:crafting_table":1,"minecraft:hopper":774,"minecraft:red_bed":1,"minecraft:birch_sign":87,"minecraft:sponge":2,"minecraft:note_block":96,"minecraft:glow_lichen":1,"minecraft:obsidian":79,"minecraft:polished_diorite":5,"minecraft:big_dripleaf":12,"minecraft:shroomlight":7,"minecraft:small_dripleaf":2,"minecraft:redstone_torch":336,"minecraft:sticky_piston":427,"minecraft:glass":1,"minecraft:piston":282,"minecraft:lever":23,"minecraft:packed_ice":586,"minecraft:honey_block":32,"minecraft:sea_lantern":1,"minecraft:activator_rail":15,"minecraft:lava_bucket":118,"minecraft:birch_fence_gate":22,"minecraft:command_block":9,"minecraft:slime_block":36,"minecraft:stone_button":10,"minecraft:spruce_trapdoor":69,"minecraft:diorite_wall":14,"minecraft:stone_brick_stairs":75,"minecraft:barrel":38,"minecraft:stone_bricks":8,"minecraft:birch_button":1,"minecraft:birch_trapdoor":7,"minecraft:repeater":474,"minecraft:redstone_lamp":4,"minecraft:cobblestone":5,"minecraft:iron_trapdoor":2,"minecraft:furnace":1,"minecraft:white_stained_glass":1982,"minecraft:birch_log":1,"minecraft:repeating_command_block":15,"minecraft:smooth_stone_slab":60,"minecraft:trapped_chest":1,"minecraft:sea_pickle":2,"minecraft:white_concrete":2347,"minecraft:observer":519,"minecraft:bone_meal":10,"minecraft:lime_glazed_terracotta":3},"minecraft:custom":{"minecraft:interact_with_furnace":3,"minecraft:inspect_dropper":169,"minecraft:inspect_hopper":427,"minecraft:interact_with_crafting_table":66,"minecraft:tune_noteblock":1,"minecraft:open_barrel":3,"minecraft:leave_game":34,"minecraft:time_since_death":4870647,"minecraft:time_since_rest":4870647,"minecraft:sprint_one_cm":135515,"minecraft:walk_one_cm":64003,"minecraft:drop":28,"minecraft:swim_one_cm":667,"minecraft:fly_one_cm":8336240,"minecraft:open_chest":1,"minecraft:crouch_one_cm":24209,"minecraft:play_time":4870647,"minecraft:sneak_time":152350,"minecraft:walk_under_water_one_cm":21694,"minecraft:jump":1447,"minecraft:walk_on_water_one_cm":149547,"minecraft:total_world_time":4873561,"minecraft:inspect_dispenser":32}},"DataVersion":3105}