{"stats":{"minecraft:used":{"minecraft:redstone_torch":15,"minecraft:sticky_piston":86,"minecraft:piston":7,"minecraft:honey_block":53,"minecraft:lever":3,"minecraft:water_bucket":56,"minecraft:birch_fence_gate":76,"minecraft:dropper":26,"minecraft:stripped_birch_log":4,"minecraft:slime_block":72,"minecraft:dispenser":4,"minecraft:redstone":106,"minecraft:birch_sapling":1,"minecraft:oak_sign":3,"minecraft:detector_rail":3,"minecraft:chest":29,"minecraft:redstone_block":53,"minecraft:composter":2,"minecraft:spruce_sapling":6,"minecraft:prismarine_wall":1,"minecraft:barrel":1,"minecraft:white_wool":2,"minecraft:repeater":45,"minecraft:dirt":37,"minecraft:orange_carpet":5,"minecraft:cobblestone":1,"minecraft:comparator":6,"minecraft:scaffolding":39,"minecraft:tnt":5,"minecraft:dead_horn_coral_fan":2,"minecraft:iron_trapdoor":2,"minecraft:hopper":57,"minecraft:furnace":2,"minecraft:white_stained_glass":228,"minecraft:minecart":3,"minecraft:note_block":3,"minecraft:white_concrete":461,"minecraft:magenta_carpet":4,"minecraft:observer":39,"minecraft:mossy_stone_brick_wall":6,"minecraft:dead_brain_coral_fan":1,"minecraft:oak_fence_gate":7,"minecraft:lime_glazed_terracotta":115},"minecraft:picked_up":{"minecraft:stick":8,"minecraft:redstone_block":1,"minecraft:repeater":2,"minecraft:orange_carpet":1,"minecraft:spruce_sapling":15,"minecraft:redstone":10,"minecraft:bone_meal":7648,"minecraft:redstone_torch":1,"minecraft:birch_sapling":21},"minecraft:custom":{"minecraft:time_since_rest":229565,"minecraft:inspect_dropper":4,"minecraft:interact_with_furnace":1,"minecraft:sprint_one_cm":6027,"minecraft:walk_one_cm":17132,"minecraft:drop":1,"minecraft:inspect_hopper":5,"minecraft:fly_one_cm":909548,"minecraft:open_barrel":16,"minecraft:open_chest":16,"minecraft:play_one_minute":229565,"minecraft:crouch_one_cm":7034,"minecraft:sneak_time":23508,"minecraft:jump":315,"minecraft:leave_game":10,"minecraft:walk_on_water_one_cm":2282,"minecraft:time_since_death":229565,"minecraft:climb_one_cm":948,"minecraft:inspect_dispenser":2},"minecraft:dropped":{"minecraft:sticky_piston":1},"minecraft:mined":{"minecraft:scaffolding":1}},"DataVersion":2230}