{"stats":{"minecraft:picked_up":{"minecraft:bell":1,"minecraft:iron_ingot":3},"minecraft:used":{"minecraft:glass":6,"minecraft:red_sandstone_stairs":1,"minecraft:purpur_stairs":1,"minecraft:villager_spawn_egg":5,"minecraft:white_carpet":5,"minecraft:red_sandstone_slab":26,"minecraft:smooth_red_sandstone":4,"minecraft:repeating_command_block":1,"minecraft:bell":3},"minecraft:killed":{"minecraft:iron_golem":9,"minecraft:villager":10},"minecraft:dropped":{"minecraft:iron_ingot":20,"minecraft:poppy":4},"minecraft:custom":{"minecraft:time_since_rest":3344602,"minecraft:crouch_one_cm":218,"minecraft:play_one_minute":3344602,"minecraft:walk_one_cm":497,"minecraft:sneak_time":1579,"minecraft:trigger_trapped_chest":17,"minecraft:walk_under_water_one_cm":649,"minecraft:mob_kills":19,"minecraft:drop":2,"minecraft:jump":4,"minecraft:inspect_hopper":1,"minecraft:damage_dealt":10940,"minecraft:leave_game":2,"minecraft:walk_on_water_one_cm":1493,"minecraft:time_since_death":3344602,"minecraft:fly_one_cm":164723}},"DataVersion":1948}