{"stats":{"minecraft:used":{"minecraft:oak_trapdoor":15,"minecraft:water_bucket":55,"minecraft:iron_bars":9,"minecraft:cow_spawn_egg":20,"minecraft:enchanting_table":1,"minecraft:sandstone_stairs":28,"minecraft:flint_and_steel":9,"minecraft:red_sandstone_slab":10,"minecraft:redstone":25,"minecraft:dark_oak_sign":2,"minecraft:sandstone":123,"minecraft:stone":25,"minecraft:redstone_block":3,"minecraft:cauldron":26,"minecraft:beacon":7,"minecraft:bell":16,"minecraft:cobblestone_slab":1,"minecraft:structure_block":13,"minecraft:farmland":1,"minecraft:torch":229,"minecraft:rabbit_spawn_egg":2,"minecraft:soul_sand":3,"minecraft:rail":5,"minecraft:comparator":1,"minecraft:hopper":2,"minecraft:loom":32,"minecraft:smooth_red_sandstone":26,"minecraft:white_bed":68,"minecraft:oak_fence_gate":9,"minecraft:obsidian":41,"minecraft:redstone_torch":1,"minecraft:spruce_boat":1,"minecraft:glass":328,"minecraft:stone_brick_slab":23,"minecraft:piston":6,"minecraft:lever":6,"minecraft:lava_bucket":1,"minecraft:daylight_detector":2,"minecraft:villager_spawn_egg":102,"minecraft:command_block":14,"minecraft:slime_block":3,"minecraft:cat_spawn_egg":106,"minecraft:stone_bricks":87,"minecraft:glowstone":13,"minecraft:diamond_sword":2,"minecraft:hay_block":5,"minecraft:dark_oak_fence":59,"minecraft:trapped_chest":2,"minecraft:sandstone_slab":54,"minecraft:grass_path":3,"minecraft:ice":1,"minecraft:infested_cobblestone":2,"minecraft:repeating_command_block":8,"minecraft:end_portal_frame":1,"minecraft:observer":1,"minecraft:splash_potion":260,"minecraft:cobweb":1},"minecraft:custom":{"minecraft:mob_kills":355,"minecraft:inspect_hopper":5,"minecraft:play_one_minute":18992792,"minecraft:interact_with_loom":1,"minecraft:leave_game":28,"minecraft:time_since_death":522661,"minecraft:time_since_rest":522683,"minecraft:sprint_one_cm":7237,"minecraft:walk_one_cm":156656,"minecraft:trigger_trapped_chest":12,"minecraft:drop":1,"minecraft:damage_dealt":45430,"minecraft:talked_to_villager":9,"minecraft:fly_one_cm":2107948,"minecraft:crouch_one_cm":20385,"minecraft:deaths":3,"minecraft:sneak_time":57486,"minecraft:walk_under_water_one_cm":18039,"minecraft:boat_one_cm":510,"minecraft:jump":322,"minecraft:walk_on_water_one_cm":22564},"minecraft:picked_up":{"minecraft:feather":2,"minecraft:sandstone_slab":1,"minecraft:chicken":3,"minecraft:leather":5,"minecraft:lead":7,"minecraft:gunpowder":1,"minecraft:string":260,"minecraft:bone":17,"minecraft:bell":6,"minecraft:rabbit_hide":5,"minecraft:iron_ingot":43,"minecraft:poppy":10,"minecraft:rabbit":3,"minecraft:egg":1,"minecraft:torch":1,"minecraft:white_bed":20,"minecraft:redstone":1,"minecraft:spider_eye":1,"minecraft:arrow":17,"minecraft:rotten_flesh":448,"minecraft:emerald":1},"minecraft:killed":{"minecraft:cat":186,"minecraft:vindicator":6,"minecraft:rabbit":9,"minecraft:spider":1,"minecraft:iron_golem":23,"minecraft:wandering_trader":3,"minecraft:skeleton":7,"minecraft:trader_llama":6,"minecraft:pillager":9,"minecraft:zombie":13,"minecraft:chicken":1,"minecraft:villager":71,"minecraft:cow":20},"minecraft:mined":{"minecraft:white_bed":41},"minecraft:dropped":{"minecraft:sandstone_slab":1}},"DataVersion":1952}